川XAZ092蓝,2016-10-30 00:00:37,卫星|仪表:0|0,0,101.597200,26.606884,0,1073741952,0,成都众易通科技有限公司,2016-10-29 23:01:03
川XAZ092蓝,2016-10-30 00:02:37,卫星|仪表:0|0,0,101.597200,26.606884,0,1073741952,0,成都众易通科技有限公司,2016-10-29 23:03:03
川XAZ092蓝,2016-10-30 00:04:37,卫星|仪表:0|0,0,101.597200,26.606884,0,1073741952,0,成都众易通科技有限公司,2016-10-29 23:05:03
川XAZ092蓝,2016-10-30 00:06:37,卫星|仪表:0|0,0,101.597200,26.606884,0,1073741952,0,成都众易通科技有限公司,2016-10-29 23:07:02
川XAZ092蓝,2016-10-30 00:08:37,卫星|仪表:0|0,0,101.597200,26.606884,0,1073741952,0,成都众易通科技有限公司,2016-10-29 23:09:03
川XAZ092蓝,2016-10-30 00:10:37,卫星|仪表:0|0,0,101.597200,26.606884,0,1073741952,0,成都众易通科技有限公司,2016-10-29 23:11:03
川XAZ092蓝,2016-10-30 00:12:37,卫星|仪表:0|0,0,101.597200,26.606884,0,1073741952,0,成都众易通科技有限公司,2016-10-29 23:13:02
川XAZ092蓝,2016-10-30 00:14:37,卫星|仪表:0|0,0,101.597200,26.606884,0,1073741952,0,成都众易通科技有限公司,2016-10-29 23:15:03
川XAZ092蓝,2016-10-30 00:16:37,卫星|仪表:0|0,0,101.597200,26.606884,0,1073741952,0,成都众易通科技有限公司,2016-10-29 23:17:03
川XAZ092蓝,2016-10-30 00:18:37,卫星|仪表:0|0,0,101.597200,26.606884,0,1073741952,0,成都众易通科技有限公司,2016-10-29 23:19:03
川XAZ092蓝,2016-10-30 00:20:37,卫星|仪表:0|0,0,101.597200,26.606884,0,1073741952,0,成都众易通科技有限公司,2016-10-29 23:21:03
川XAZ092蓝,2016-10-30 00:22:37,卫星|仪表:0|0,0,101.597200,26.606884,0,1073741952,0,成都众易通科技有限公司,2016-10-29 23:23:04
川XAZ092蓝,2016-10-30 00:24:37,卫星|仪表:0|0,0,101.597200,26.606884,0,1073741952,0,成都众易通科技有限公司,2016-10-29 23:25:03
川XAZ092蓝,2016-10-30 00:26:37,卫星|仪表:0|0,0,101.597200,26.606884,0,1073741952,0,成都众易通科技有限公司,2016-10-29 23:27:03
川XAZ092蓝,2016-10-30 00:28:37,卫星|仪表:0|0,0,101.597200,26.606884,0,1073741952,0,成都众易通科技有限公司,2016-10-29 23:29:04
川XAZ092蓝,2016-10-30 00:30:37,卫星|仪表:0|0,0,101.597200,26.606884,0,1073741952,0,成都众易通科技有限公司,2016-10-29 23:31:03
川XAZ092蓝,2016-10-30 00:32:37,卫星|仪表:0|0,0,101.597200,26.606884,0,1073741952,0,成都众易通科技有限公司,2016-10-29 23:33:03
川XAZ092蓝,2016-10-30 00:34:37,卫星|仪表:0|0,0,101.597200,26.606884,0,1073741952,0,成都众易通科技有限公司,2016-10-29 23:35:03
川XAZ092蓝,2016-10-30 00:36:37,卫星|仪表:0|0,0,101.597200,26.606884,0,1073741952,0,成都众易通科技有限公司,2016-10-29 23:37:03
川XAZ092蓝,2016-10-30 00:38:37,卫星|仪表:0|0,0,101.597200,26.606884,0,1073741952,0,成都众易通科技有限公司,2016-10-29 23:39:03
川XAZ092蓝,2016-10-30 00:40:37,卫星|仪表:0|0,0,101.597200,26.606884,0,1073741952,0,成都众易通科技有限公司,2016-10-29 23:41:03
川XAZ092蓝,2016-10-30 00:42:37,卫星|仪表:0|0,0,101.597200,26.606884,0,1073741952,0,成都众易通科技有限公司,2016-10-29 23:43:03
川XAZ092蓝,2016-10-30 00:44:37,卫星|仪表:0|0,0,101.597200,26.606884,0,1073741952,0,成都众易通科技有限公司,2016-10-29 23:45:03
川XAZ092蓝,2016-10-30 00:46:37,卫星|仪表:0|0,0,101.597200,26.606884,0,1073741952,0,成都众易通科技有限公司,2016-10-29 23:47:03
川XAZ092蓝,2016-10-30 00:48:37,卫星|仪表:0|0,0,101.597200,26.606884,0,1073741952,0,成都众易通科技有限公司,2016-10-29 23:49:03
川XAZ092蓝,2016-10-30 00:50:37,卫星|仪表:0|0,0,101.597200,26.606884,0,1073741952,0,成都众易通科技有限公司,2016-10-29 23:51:03
川XAZ092蓝,2016-10-30 00:52:37,卫星|仪表:0|0,0,101.597200,26.606884,0,1073741952,0,成都众易通科技有限公司,2016-10-29 23:53:03
川XAZ092蓝,2016-10-30 00:54:37,卫星|仪表:0|0,0,101.597200,26.606884,0,1073741952,0,成都众易通科技有限公司,2016-10-29 23:55:03
